Model,accuracy_mean,accuracy_std,precision_mean,precision_std,recall_mean,recall_std,f1_mean,f1_std,roc_auc_mean,roc_auc_std
Random Forest,0.7603852476197832,0.010011632905189258,0.5333337275729683,0.013367122897613258,0.7819397993311037,0.02140468227424751,0.633967804173003,0.012819708116581886,0.8479077575292742,0.011214253026090755
Gradient Boosting,0.7980149755477138,0.010395737011888782,0.6551779991504247,0.03746779828544923,0.5103678929765887,0.014283716725125491,0.5730116343194551,0.012520574213331703,0.8461111822249855,0.011714037540993726
Logistic Regression,0.7490264002736009,0.01345034893679091,0.5176742605653047,0.01683543593469747,0.7966555183946489,0.035229950721775774,0.6273789497182776,0.020890744548664884,0.8458233151174361,0.011233233875749989
