Model,Accuracy,Precision,Recall,F1,ROC_AUC
Random Forest,0.7643718949609652,0.5380434782608695,0.7941176470588235,0.6414686825053996,0.8451342065152806
Gradient Boosting,0.8041163946061036,0.6701388888888888,0.516042780748663,0.5830815709969789,0.8433038828179493
Logistic Regression,0.7331440738112136,0.4983164983164983,0.7914438502673797,0.6115702479338843,0.8420057351003641
