,count,mean,std,min,25%,50%,75%,max
SeniorCitizen,7043.0,0.1621468124378816,0.36861160561002687,0.0,0.0,0.0,0.0,1.0
tenure,7043.0,32.37114865824223,24.55948102309423,0.0,9.0,29.0,55.0,72.0
MonthlyCharges,7043.0,64.76169246059918,30.09004709767854,18.25,35.5,70.35,89.85,118.75
