Contract,n_customers,churn_rate,churn_rate_percent
Month-to-month,3875,0.4270967741935484,42.71
One year,1473,0.11269517990495587,11.27
Two year,1695,0.02831858407079646,2.83
