Dependents,n_customers,churn_rate,churn_rate_percent
No,4933,0.3127914048246503,31.28
Yes,2110,0.15450236966824646,15.45
