PaperlessBilling,n_customers,churn_rate,churn_rate_percent
Yes,4171,0.33565092304003835,33.57
No,2872,0.1633008356545961,16.33
