SeniorCitizen,n_customers,churn_rate,churn_rate_percent
1,1142,0.4168126094570928,41.68
0,5901,0.23606168446026096,23.61
