Partner,n_customers,churn_rate,churn_rate_percent
No,3641,0.32957978577313923,32.96
Yes,3402,0.1966490299823633,19.66
